session_id,evaluator_id,evaluator_name,image_id,image_filename,image_source_ground_truth,random_order,shown_timestamp,predicted_source,segmentation_mask_file,segmentation_done,precision,recall,f1_score,notes
BLIND001,E1,Expert 1,IMG001,example_001.png,real,1,,,,no,,,,
BLIND001,E1,Expert 1,IMG002,example_002.png,synthetic,2,,,,no,,,,
BLIND001,E1,Expert 1,IMG003,example_003.png,real,3,,,,no,,,,
BLIND001,E2,Expert 2,IMG001,example_001.png,real,1,,,,no,,,,
BLIND001,E2,Expert 2,IMG002,example_002.png,synthetic,2,,,,no,,,,
BLIND001,E2,Expert 2,IMG003,example_003.png,real,3,,,,no,,,,
BLIND001,E3,Expert 3,IMG001,example_001.png,real,1,,,,no,,,,
BLIND001,E3,Expert 3,IMG002,example_002.png,synthetic,2,,,,no,,,,
BLIND001,E3,Expert 3,IMG003,example_003.png,real,3,,,,no,,,
